{
  "Arabica": [
    {
      "foto": "images/produk/product_capuchino.jpg",
      "nama": "Cappuccino",
      "size": "250 Ml",
      "harga": "25.000",
      "link": "https://tokopedia.com/produk/cappucciono1"
        },
    {
      "foto": "images/produk/product_espresso.jpg",
      "nama": "Espresso",
      "size": "100 Ml",
      "harga": "15.000",
      "link": "https://tokopedia.com/produk/espresso"
        },
    {
      "foto": "images/produk/product_kopi_susu.jpg",
      "nama": "Kopi Susu",
      "size": "200 Ml",
      "harga": "20.000",
      "link": "https://tokopedia.com/produk/kopisusu"
        },
      {
       "foto": "https://cdn.hellosehat.com/wp-content/uploads/2021/09/c06b8679-resep-kopi-gula-aren.jpg?w=750&q=75",
       "nama": "Kopi Gula Aren",
       "size": "200 Ml",
       "harga": "18.000",
       "link": "https://tokopedia.com/produk/kopigulaaren"
      }
        
      
    ],
  "Robusta": [
    {
      "foto": "images/produk/product_latte.jpg",
      "nama": "Latte",
      "size": "200 Ml",
      "harga": "20.000",
      "link": "https://tokopedia.com/produk/latte"
        },
    {
      "foto": "https://encrypted-tbn0.gstatic.com/images?q=tbn:ANd9GcR1SiQB9hsdB1f0aBynv088B3KuowJ6TexgdrMw2xDUCGYdw2KIYlXlp1U&s=10",
      "nama": "Mocachino",
      "size": "200 Ml",
      "harga": "23.000",
      "link": "https://tokopedia.com/produk/Mocachino"
        },
    {
       "foto": "https://encrypted-tbn0.gstatic.com/images?q=tbn:ANd9GcRTDwCgaamUT8W8-JpQ0qSZpnQtM1bvBcdamg&usqp=CAU",
       "nama": "Espresso",
       "size": "200 Ml",
       "harg": "22.000",
       "link": "https://tokopedia.com/produk/Espresso"
        },
    {
       "foto": "https://encrypted-tbn0.gstatic.com/images?q=tbn:ANd9GcQUplhioTVQ6HpFyErvSkOgz18KWhoPwvc_WPE3HcBFNJXPjd8nPogV1g&s=10",
       "nama": "Kopi susu",
       "size": "200 Ml",
       "harga": "22.000",
       "link": "https://tokopedia.com/produk/kopisusu"
        }
  
  ],
  "Non Kopi": [
    {
      "foto": "https://www.sasa.co.id/medias/page_medias/es_cendol_nangka.jpg",
      "nama": "Es Cendol Nangka",
      "size": "500 Ml",
      "harga": "15.000",
      "link": "https://tokopedia.com/produk/escendol+nangka"
        },
    { 
      "foto": "https://assets.epicurious.com/photos/629f98926e3960ec24778116/4:3/w_4658,h_3493,c_limit/BubbleTea_RECIPE_052522_34811.jpg",
      "nama": "Milk Tea Bubble",
      "size": "500 Ml",
      "harga": "18.000",
      "link": "tokopedia.com/produk/Milk+tea+bubble"
        },
      {
        "foto": "https://encrypted-tbn0.gstatic.com/images?q=tbn:ANd9GcRSwXqFbEJgaz5cOv1GW22TlQzLk9Tbrzwo-V3ySRHfjdhGylZBnSa6nECT&s=10",
        "nama": "Es Lumut Coklat",
        "size": "500 Ml",
        "harga": "20.000",
        "link": "tokopedia.com/produk/eslumut+coklat"
        },
      {
        "foto": "https://encrypted-tbn0.gstatic.com/images?q=tbn:ANd9GcSmHWK4YsnHztGHIgUQZo4pbC7eu2DqQKESuiEqq1usUkFliSxTWeVXrFhf5pY9G8OTEaV_",
        "nama": "Es Lumut Coklat",
        "size": "500 Ml",
        "harga": "20.000",
        "link": "tokopedia.com/produk/eslumut+coklat"
      }
    ],
    "Gorengan": [
        {
          "foto": "https://encrypted-tbn1.gstatic.com/images?q=tbn:ANd9GcRtaMX4R2Y57RAwpeYSNBBI8Rrjf6uqDDSC5FPYT4zEGn7eUchtPlJVjCJIEBD6OnErlj79",
          "nama": "Kentang krispy",
          "size": "200 gram",
          "harga": "15.000",
          "link": "tokopedia.com/produk/kentangkrispy"
            },
        {
          "foto": "https://encrypted-tbn0.gstatic.com/images?q=tbn:ANd9GcQjlqo6KEk-4H1wY_kAQ5hBx8gCYB8q7xIIHubFO-gmr6sQxccv_YGjb9U&s=10",
          "nama": "Chiken Katsu",
          "size": "500 gram",
          "harga": "25.000",
          "link": "tokopedia.com/produk/chikenkatsu"
          },
        {
          "foto": "https://awsimages.detik.net.id/community/media/visual/2021/02/15/udang-goreng-tepung-ala-rumah-makan-seafood_43.jpeg?w=600&q=90",
          "nama": "Udang Goreng",
          "size": "250 gram",
          "harga": "27.000",
          "link": "tokopedia.com/produk/udanggoreng"
          },
        {
          "foto": "https://encrypted-tbn0.gstatic.com/images?q=tbn:ANd9GcT7V-rNdT-vnNPV32HUOBDkF-Umxn4jX36B-M72EiQ0-Rx_Jf8GcT47MbAw&s=10",
          "nama": "Jamur crispy",
          "size": "250 gram",
          "harga": "20.000",
          "link": "tokopedia.com/produk/jamurcrispy"
           }
        ]
    
}